"avg","quarterkey"
"3.0226361031518625",1
"2.8836990595611285",3
"3.0547486033519553",4
"3.0671959459459459",2
